Date,Type,Address,Account,TweetURL,Chain ID,Threat category,Comment, Smart contract
08/16/2023,Address,0xa0ec2733e8aef26dab0be9abfbacd9ef337740e3,AegisWeb3,nan,1,,"🚨PHISHING SITE ALERT🚨 🎣 Phishing Site: usdcoin[.]finance @etherscan @bscscan ⚠️Phishing Contract/Address: 0x000014FB8dcA1D855ecAB28f955B17F20D0A0000 0xA0EC2733E8Aef26Dab0BE9abFBACD9eF337740E3 Beware of the phishing contract that is present on multiple chains, including… https://t.co/WsACd0Nxgm https://t.co/kiTqa24HxM",0x000014FB8dcA1D855ecAB28f955B17F20D0A0000
08/14/2023,Address,0x88fd0d9379791e940cd0a0b3bc8688062a8f0c5a,CertiKAlert,nan,56,,#CertiKSkynetAlert 🚨  We have detected a large liquidity removal on fake CIRCLE token.  Bsc: 0x84eF2E2e977062da3cfc12C038fA3CE2D42d01B1  Deployer gained 900 BNB (~$216.3k) from the honeypot and has moved 400 BNB through @TornadoCash.   Stay vigilant!  https://t.co/2LYt4aHUEw,0x84eF2E2e977062da3cfc12C038fA3CE2D42d01B1
08/14/2023,Address,0xc9d69aa174966f6e7448fd6c68620786d5520c42,@CertiKAlert,nan,56,,#CertiKSkynetAlert 🚨  We have seen a large liquidity removal on a fake Tarality Token  Bsc: 0x93C78BDeC876984435009Df66923B412036e3c5B  Deployer removed ~$67k from the LP.  https://t.co/bwAzfKhuS2,0x93C78BDeC876984435009Df66923B412036e3c5B
08/17/2023,Address,0x5f2f9ca7846a49543bb39e80ab000941c324523f,@CertiKAlert,https://twitter.com/CertiKAlert/status/1692127047538065737,1,,@Rodeo_Finance The site connects to a known phishing contract on ethereum: 0x000057c563aBE43d6f6b794043724804CD3c0000  Do NOT interact with the following announcement 👇 https://t.co/ej8IPRRmoS,0x000057c563aBE43d6f6b794043724804CD3c0000
08/17/2023,Address,0x80cc222ea02f4334f67e9e55e7412fed62599004,@DeDotFiSecurity,https://twitter.com/DeDotFiSecurity/status/1692076127416692800,1,,"🚨  $2.6M Locked Up in Shibarium  🚨  🔒 The RPC is stuck at block 190015, and the blockchain is frozen at block 190203 on the block scanner.   The bridge contract is affected, 1003 ETH are temporarily stuck in the bridge contract:  0xc3897302ab4b42931cb4857050fa60f53b775870… https://t.co/hb8qYLsirV https://t.co/sqO2DTMhVy",0xc3897302aB4B42931cB4857050Fa60f53B775870
08/17/2023,Address,0xa4aa74754b7f4d76b72b151fae4f2f1c8e9ad150,@CertiKAlert,https://twitter.com/CertiKAlert/status/1692067602061775294,1,,@elmonx_official The site connects to known phishing contract on ethereum: 0x0000C122208D1cC66C72FD6BfDf8A93F2E660000  Do NOT interact with the following announcement 👇 https://t.co/5lsHhDB6Lj,0x0000C122208D1cC66C72FD6BfDf8A93F2E660000
08/20/2023,Address,0x7ee2fc5eec697a9b115ca93a54be281172955abe,@CertiKAlert,https://twitter.com/CertiKAlert/status/1693362027371123099,56,,"#CertiKSkynetAlert 🚨  We have detected a large liquidity removal on a fake LayerZero token.  BSC: 0x2266362f414Bf2476C5465dc2eA953Fe2A99AE1c  The deployer removed 4,827.99 WBNB (~$1M).  Not to be confused with legitimate projects.  Read more below👇 https://t.co/JDAmCHdjG8",0x2266362f414Bf2476C5465dc2eA953Fe2A99AE1c
08/20/2023,Address,0x95c9bb9c4f3fc90709d494b3cb2ff2fe4c33797f,@CertiKAlert,https://twitter.com/CertiKAlert/status/1693323464311226468,1,,#CertiKSkynetAlert 🚨  We have seen EOA 0xc93A7 deposit 60 ETH into @TornadoCash   Funds originate from Snake Eyes (SNAKE)  ETH:0x56d7e6a12f56dfca75fbb3f62b6f647f56f63445  https://t.co/aZltSOS1sj,0x56D7E6A12f56dfCA75FbB3f62B6F647f56f63445
08/20/2023,Address,0xbd7f1224b59fc59e735ff9c929ad404965e3f81a,@CertiKAlert,https://twitter.com/CertiKAlert/status/1693260268749406710,1,,#CertiKSkynetAlert 🚨  We have seen the deployer of a scam token named Rich deposit 15.3 ETH into @TornadoCash  Token address: 0x0D9DAc28De13F52F5D2f7A44CE6e2548598b426a   Liquidity was removed on 14 August  https://t.co/OLKhINqsTC,0x0D9DAc28De13F52F5D2f7A44CE6e2548598b426a
08/20/2023,Address,0xe2a178c2c5c4920c1b2b947a35eddb4f8ecbb7dd,@SlowMist_Team,https://twitter.com/SlowMist_Team/status/1693172629187019031,56,,🚨SlowMist Security Alert🚨  Please check if you have authorized assets to this malicious contract address on #BNBChain:  0x75117c9158f53998ce8689B64509EFf4FA10AD80,0x75117c9158f53998ce8689B64509EFf4FA10AD80
08/20/2023,Address,0x8314125c8b68af2afd0d151eb4a551e88128a2ae,@BeosinAlert,https://twitter.com/BeosinAlert/status/1693122271970566626,56,,Thales urges users to revoke approvals from the following contracts on BSC:  ThalesAMM 0x465B66A3e33088F0666dB1836652fBcF037c7319  RangedAMM 0xda5Bd4aBAFbE249bdC5684eAD594B0ac379687fd  SpeedMarketsAMM 0x72ca0765d4bE0529377d656c9645600606214610  The stolen $13.8K are held at the… https://t.co/3L6hCeQvvq https://t.co/zUHy5llaSj,0x465B66A3e33088F0666dB1836652fBcF037c7319
08/20/2023,Address,0x9841484a4a6c0b61c4eea71376d76453fd05ec9c,@BeosinAlert,https://twitter.com/BeosinAlert/status/1693122271970566626,56,,Thales urges users to revoke approvals from the following contracts on BSC:  ThalesAMM 0x465B66A3e33088F0666dB1836652fBcF037c7319  RangedAMM 0xda5Bd4aBAFbE249bdC5684eAD594B0ac379687fd  SpeedMarketsAMM 0x72ca0765d4bE0529377d656c9645600606214610  The stolen $13.8K are held at the… https://t.co/3L6hCeQvvq https://t.co/zUHy5llaSj,0x72ca0765d4bE0529377d656c9645600606214610
08/19/2023,Address,0x8522a1106b0e26584af2658bd099005fdc33cced,@CertiKAlert,https://twitter.com/CertiKAlert/status/1692932345249038650,1,,#CertiKSkynetAlert 🚨  We have detected a large liquidity removal on a fake Friend Tech token.   ETH: 0x2cf82a3Ad32AA580110278022a6493b631044beF  The deployer gained 135 ETH (~$226.5k).  Not to be confused with legitimate projects.  Read more below: https://t.co/MciIPYFVdD,0x2cf82a3Ad32AA580110278022a6493b631044beF
08/19/2023,Address,0x57a7d78065ee0ed28e9ca035a1998c99ca1793ef,@CertiKAlert,https://twitter.com/CertiKAlert/status/1692876010549600407,56,,"#CertiKSkynetAlert 🚨  We have detected a large liquidity removal on a fake Frontfanz token  Bsc: 0x1F373733ED5D6999908EA80B69B2d9Cd2d63D98B   Discounting the amount added to the LP and wash trading, the deployer appears to have gained ~$30k   https://t.co/bHmDyM5yio",0x1F373733ED5D6999908EA80B69B2d9Cd2d63D98B
08/19/2023,Address,0x80a8b10cd7f9f722bc4f856de864962194cbb5be,@realScamSniffer,https://twitter.com/realScamSniffer/status/1692709552486273431,1,,victim: 0x80aF73FEeF1b9D0f2EF230a548d752E7dC984646  scammer: 0x0000438e0f00FC35DFF19D0062608057a1d20000 0x0000daf60a1becf1bd617c584dea964455890000 https://t.co/5eyw40OxLR,0x0000438e0f00FC35DFF19D0062608057a1d20000
08/19/2023,Address,0x088b75daa0c202fb2d1f0583a6f235e4c8ed0163,@realScamSniffer,https://twitter.com/realScamSniffer/status/1692709552486273431,1,,victim: 0x80aF73FEeF1b9D0f2EF230a548d752E7dC984646  scammer: 0x0000438e0f00FC35DFF19D0062608057a1d20000 0x0000daf60a1becf1bd617c584dea964455890000 https://t.co/5eyw40OxLR,0x0000DAf60a1BECF1bD617C584Dea964455890000
08/23/2023,Address,0x9fac5e13935ff5eede8063b87197a1df48c45488,@CertiKAlert,https://twitter.com/CertiKAlert/status/1694294536762093950,1,,#CertiKSkynetAlert 🚨  We have seen a large liquidity removal on Towelie (TOWELIE)  ETH: 0x435940C749b012f53885a1f56DEa68A1Eb8E05d7  The deployer unlocked LP tokens and removed ~$89k.    https://t.co/YNWs991I3f,0x435940C749b012f53885a1f56DEa68A1Eb8E05d7
08/23/2023,Address,0xbca8ec8d700733b46b1dcee342ae991477e04cc5,@CertiKAlert,https://twitter.com/CertiKAlert/status/1694290119337849303,56,,#CertiKSkynetAlert 🚨  We are seeing a #slippage on aspiring cooperation community (ACC) token  BSC: 0x9703fa7D52F925387a2E738457936F162218129c  The slippage is caused by the deployer removing $224k from liquidity.  See more on Skynet 👇 https://t.co/dXcqrIsEmR,0x9703fa7D52F925387a2E738457936F162218129c
08/23/2023,Address,0xc765faeca19b33483f2a105e7b02e309393a45b0,@CertiKAlert,https://twitter.com/CertiKAlert/status/1694282366812848494,1,,#CertiKSkynetAlert 🚨  We have seen a large liquidity removal on a scam token named Reflex Staking Bot (REFLEX)  ETH: 0x02C7644d98637cBB962A85e5Bc1EF2c73Def4C4F  The Deployer has created 74 honeypot tokens and is linked to Fake_Phishing185336.  https://t.co/nERh10CMhS,0x02C7644d98637cBB962A85e5Bc1EF2c73Def4C4F
08/21/2023,Address,0xebb0300b8c14be71c732146802af6054c3c231c0,@CertiKAlert,https://twitter.com/CertiKAlert/status/1693651832793428154,56,,#CertiKSkynetAlert 🚨  We have seen a large liquidity removal on WPC token  BSC: 0x8694996e265C62D02D8bDe46df98Fc172e8Ae2CA   EOA 0x68a gained ~$162k with the funds transferred to MEXC.  Token appears to be a honeypot   https://t.co/nBrk3HqjYK,0x8694996e265C62D02D8bDe46df98Fc172e8Ae2CA
08/23/2023,Address,0x31e114d950c51907486c30661c478c56146aaad2,@CertiKAlert,https://twitter.com/CertiKAlert/status/1694414085444473047,1,,#CertiKSkynetAlert 🚨  We have seen a large liquidity removal on Hachiko.  ETH: 0x7bFEBd989ef62f7f794d9936908565dA42Fa6D70  The deployer drained ~$123.7k from the liquidity pool.  Stay vigilant!  https://t.co/aqVXJaUHh4,0x7bFEBd989ef62f7f794d9936908565dA42Fa6D70
08/23/2023,Address,0x4fe24527b94e6a7cd3b4f1902c429e22527f451d,@CertiKAlert,https://twitter.com/CertiKAlert/status/1694357925072920800,1,,#CertiKSkynetAlert 🚨   We have seen a large liquidity removal on a HarryPotterObamaJustinHuobiSun token.  ETH: 0x88Cb35843A47DeFEd6889133b984393A6961554A  Deployer removed ~$50k from the LP.  Stay vigilant!  https://t.co/1Z95uhJC3t,0x88Cb35843A47DeFEd6889133b984393A6961554A
08/26/2023,Address,0x0000553f880ffa3728b290e04e819053a3590000,@realScamSniffer,https://twitter.com/realScamSniffer/status/1695267174859100252,1,,the victim also lost 333 ETH to sign a malicious Blur bid.  this bid offers 333 ETH to a malicious NFT 0x7624acf79dfa4691c8fe099ffd4c66c02e478936. https://t.co/aHBkglMqb0,0x7624aCf79dfA4691C8fE099FfD4c66C02e478936
08/26/2023,Address,0x3f427abfea4a861124acb0325fd0acca20e6c725,@realScamSniffer,https://twitter.com/realScamSniffer/status/1695247380025856404,1,,victim: 0xc0819e1e01204bcb9cb5a0a3be826afedad6edef  scammers: 0xcdcd56fd08d051cb857ca2b9577a3ace99a01830 0x29488e5fd6bf9b3cc98a9d06a25204947cccbe4d 0xC20E320a17A3Ee2E809f42be1208789E1b54201d,0xC20E320a17A3Ee2E809f42be1208789E1b54201d
08/25/2023,Address,0x2955a49e5ac605e2019e86d90dd05ca473d01647,@CertiKAlert,https://twitter.com/CertiKAlert/status/1695200872647573527,1,,#CertiKSkynetAlert 🚨  We are seeing an exit scam on @MagicBlocksEth  ETH:0x83ee45e45567483d02a652f51a2856b40f532ef2  Which has dropped 99%  The project's socials and sites have been deleted.  0x6307 has dumped tokens for a profit of ~$57k  Stay vigilant! https://t.co/LMEmSWx58f https://t.co/QAX79S2BQI,0x83ee45e45567483d02A652f51a2856B40F532eF2
08/25/2023,Address,0x3046d133e0a6ccef05114e470a8a58534332981a,@CertiKAlert,https://twitter.com/CertiKAlert/status/1695185413407654012,56,,#CertiKSkynetAlert 🚨  We have detected a large liquidity removal on a fake CIRCLE token.  Bsc:0xCC68828491854D8619d6D3b63d38536a56962bb8  The Deployer removed $265K WBNB of liquidity in 6 transactions over a 4 day period.  Stay vigilant! https://t.co/9Sgtx5Ueyl,0xCC68828491854D8619d6D3b63d38536a56962bb8
08/29/2023,Address,0x6be5a66afeff35269d0f3440e5741d392480791f,@CertiKAlert,https://twitter.com/CertiKAlert/status/1696658676902228146,1,,#CertiKSkynetAlert 🚨  We have detected a large liquidity removal on a fake Symbiosis Finance token.  ETH: 0xbe862864614FB652e663EA82FC3AdEAD65E73d29  Deployer profited ~$24k from this liquidity removal.  Not to be confused with legitimate projects.  https://t.co/G0phih1uVY,0xbe862864614FB652e663EA82FC3AdEAD65E73d29
09/01/2023,Address,0xa3d06ebbc3772050173f4a5da171a360d24f2a0b,@CertiKAlert,https://twitter.com/CertiKAlert/status/1697555723377336693,1,,#CertiKSkynetAlert 🚨  We have seen 30 ETH deposited into @TornadoCash by EOA 0x14A.  Funds originate from three wallets who sold scam tokens such as XX  Eth: 0x8ea24723c0f3E7b7d1F31f24cB9EeB3E01f8dc8A  https://t.co/8n17B2pZBS,0x8ea24723c0f3E7b7d1F31f24cB9EeB3E01f8dc8A
08/31/2023,Address,0x19ef74fee7b60a3abdad656951f0552632bcef44,@CertiKAlert,https://twitter.com/CertiKAlert/status/1697211145931665779,56,,#CertiKSkynetAlert 🚨  We have seen 107 BNB deposited into @TornadoCash by EOA 0x0bb  EOA 0x6B5 called `recoverTokens` which drained wallets that had approved bsc: 0x357bb64f17Cf4F021F5d83e8B896D6C533fcc7cB to spend tokens.  https://t.co/2cU059g91c,0x357bb64f17Cf4F021F5d83e8B896D6C533fcc7cB
08/30/2023,Address,0xb969734d2f453ea785572612ba23ef7c91d6294d,@CertiKAlert,https://twitter.com/CertiKAlert/status/1696989083057135659,1,,#CertiKSkynetAlert 🚨   We have detected the LP pair for @genswap_dex on Uniswap has been drained by a privileged address for ~65k  ETH: 0x65719edaA37Fd5654a730606A9Fead02b8B631b7    The marketing address of the GEN token abused an underflow vulnerability to inflate their balance… https://t.co/RVxBh7rcVB,0x65719edaA37Fd5654a730606A9Fead02b8B631b7
08/30/2023,Address,0x68219b1b209f85b18ace3b4fcc4aafc2b45d5638,@CertiKAlert,https://twitter.com/CertiKAlert/status/1696968086203556114,1,,The site connects to a contract on ethereum: 0x00000CEDbdfD9B7BB33C43F122Fd2060366a0000  Do NOT interact with the following announcement👇 https://t.co/iaifPNXb5p,0x00000CEDbdfD9B7BB33C43F122Fd2060366a0000
09/05/2023,Address,0x104d0e5c633677a66bcb5a1612861e43ecf7ac08,@CertiKAlert,https://twitter.com/CertiKAlert/status/1699062454742118611,1,,#CertiKSkynetAlert 🚨  We have detected a large liquidity removal on Haribo   ETH: 0x582992190976d9d96e5ABbB711259744A00e809e   Owner removed ~24 ETH ($35.4k) from the tokens LP. Token appears to be a honeypot.  https://t.co/mCCj1vAneg,0x582992190976d9d96e5ABbB711259744A00e809e
09/05/2023,Address,0x6d3503d16bb93a7d9b47f510c7568868f2bfccef,@CertiKAlert,https://twitter.com/CertiKAlert/status/1698862967981273428,56,,#CertiKSkynetAlert 🚨  We have detected a large liquidity removal on a fake Base token.  ETH: 0x2025273c4B985a00bc60E871a9031a12FF216F9B  The deployer has profited ~544k via several liquidity removal transactions.  https://t.co/dT7V8JGk8w,0x2025273c4B985a00bc60E871a9031a12FF216F9B
09/04/2023,Address,0x30740f954ce02c0eedfb5f0ef2e8c3157be3e000,@CertiKAlert,https://twitter.com/CertiKAlert/status/1698769537603088798,1,,"#CertiKSkynetAlert 🚨  We have detected an exit scam on a fake Lybra Finance token.  ETH: 0xf5322B0D8dcac0C6aee4c15719C078992B03378a  Deployer added 60 WETH to LP and removed 83 WETH, profiting 23 WETH (~$37k)  Not to be confused with legitimate projects. https://t.co/UdIXWKxid9",0xf5322B0D8dcac0C6aee4c15719C078992B03378a
09/03/2023,Address,0x8efb801a75847daf1ca7804815116175d121015d,@realScamSniffer,https://twitter.com/realScamSniffer/status/1698365302365716650,1,,victim: 0xc85ef1702e246d5cd4d0d1c785f9599b632330a6  scammer: 0xc384FebdbfA3E2f9a541fC7E36118e719E4E3b97 0x29488E5fD6bF9B3cc98A9d06A25204947ccCBE4D 0x00000ff01f359d7cde7d1bb45ced9459a6a80000,0x00000ff01F359d7CDe7D1bB45ceD9459a6A80000
09/01/2023,Address,0xf2a7408b42c1ee304b58a1b0cb08b49630152c90,@CertiKAlert,https://twitter.com/CertiKAlert/status/1697728109489901898,1,,#CertiKSkynetAlert🚨  We have detected an exit scam on @CoredeFinance   ETH: 0x6fe397b88675beb98797e14eeaf84021e5c054c9  Which has dropped 100%  The EOA (0x18500) profited 27 ETH (~$43.9k).  Stay vigilant! https://t.co/0gwKnnOFnn,0x6Fe397B88675bEb98797e14EEaF84021E5C054c9
09/01/2023,Address,0x51fea6c11873607f2e219c7ef57c36f0d4af5f44,@CertiKAlert,https://twitter.com/CertiKAlert/status/1697720220230566019,56,,#CertiKSkynetAlert 🚨  We have seen EOA 0x51feA deposit ~342 BNB into @TornadoCash   Funds originate from a Fake Celestia (TIA)  BSC:0xe5b9556542137acc6b81d3fd708aefd1152fb087  https://t.co/L3YcaS3i8p https://t.co/YqGOosmEaL,0xe5b9556542137acc6b81d3Fd708aefd1152fb087
09/09/2023,Address,0xcaa79eef4811417956c239365df46f44c10a918c,@CertiKAlert,https://twitter.com/CertiKAlert/status/1700621314246017133,56,,"#CertiKSkynetAlert🚨  We have detected a flashloan attack on BFCToken for ~$38k  BSC:0x595eac4a0ce9b7175a99094680fbe55a774b5464  The attacker was able to burn BFCTokens from the pool at no expense by exploiting the ""_transfer"" function  The funds currently reside in EOA… https://t.co/5ctkg6Knsz",0x595eac4A0CE9b7175a99094680fbe55A774B5464
09/12/2023,Address,0x7d20e1c09e70f8707dbc48e12e52ab988eb03dc6,@BeosinAlert,https://twitter.com/BeosinAlert/status/1701418019610833058,56,,🚨The address 0x7abe3ae6d6628857e9dc7701f623175d88ae3246 has created a proposal to set himself as the admin.   The admin of @ESG_Financial Esgtroller contract will be changed to 0x7abe3a if the proposal passed.   https://t.co/1P9i0mHnrz  Stay alert! https://t.co/faVAM0X5Vk,0x7Abe3aE6d6628857e9Dc7701f623175D88AE3246
09/12/2023,Address,0x27a94d928bca4c846e5a1633aa496b931afd99c8,@CertiKAlert,https://twitter.com/CertiKAlert/status/1701387035053826230,1,,#CertiKSkynetAlert🚨  We have detected a malicious flash loan on the OxODexPool.  ETH: 0x6128d5F7c64Dab48a1C66f9D62EaeFa1d5aA03ed  Approximately 40 ETH (~$61k) was lost. The stolen funds currently reside in the attacker's wallet. https://t.co/kzRSOb6kZ4,0x6128d5F7c64Dab48a1C66f9D62EaeFa1d5aA03ed
09/16/2023,Address,0xaf85ef92dc34593e2a1d6c65c2a857ad36f1a4d6,@CertiKAlert,https://twitter.com/CertiKAlert/status/1703091673322947004,56,,#CertiKSkynetAlert 🚨   We have seen a large liquidity removal on a fake BitGo token    BSC: 0xddd00e04cd2e26221cc3c2c7f4781a87e4c79818   Deployer gained ~$194.3k WBNB from the honeypot and has moved 909.2 BNB through @TornadoCash   Stay vigilant!  https://t.co/zldadTLU2C,0xdDd00e04cd2E26221Cc3C2c7F4781A87E4c79818
09/16/2023,Address,0x2656cf060f643dafeeadd774f1da866b921d7491,@CertiKAlert,https://twitter.com/CertiKAlert/status/1702986647090962899,1,,"@TornadoCash @MercyHeardETH 2/ The ETH sent to EOA 0xD4A can be traced back to the deployer of a token named Super Kypton Dog   ETH: 0x399074b3e369D1A4c5643f7E09fD633E295da39B  This contract has the same pattern, with buyers receiving funds from a CoinTool multisender txn to buy tokens. https://t.co/pnopYXX7c7",0x399074b3e369D1A4c5643f7E09fD633E295da39B
09/16/2023,Address,0x0a75abb3cae41eb3d84d7c3c155e228b021d9d7a,@CertiKAlert,https://twitter.com/CertiKAlert/status/1702986639587320187,1,,#CertiKSkynetAlert 🚨  We have seen 0x26b deposit 30 ETH into @TornadoCash  The funds originate from the deployer of a token named Mercy Heard (@MercyHeardETH)  Eth: 0x142fB554EEa9083C489682c804F7d3CdddE40443  https://t.co/Z2hHfjUsm4,0x142fB554EEa9083C489682c804F7d3CdddE40443
09/16/2023,Address,0x5e66293b0e45d39cc772775ebbbddf0763c09868,@CertiKAlert,https://twitter.com/CertiKAlert/status/1702969505893261776,56,,#CertiKSkynetAlert 🚨   We have seen a slippage on MED token  Bsc: 0xee0eD249325a8284D66Af5F98dCbB7C620ebbe45  Which has dropped ~99%  Tokens were minted to multiple wallets who then sold for a total of ~$53k   https://t.co/TfnDfS81HV,0xee0eD249325a8284D66Af5F98dCbB7C620ebbe45
09/15/2023,Address,0x99856ab39bdd02a260df43a608c82da33aa10b33,@CertiKAlert,https://twitter.com/CertiKAlert/status/1702711134229254422,1,,#CertiKSkynetAlert 🚨  We are seeing a #slippage on @FriendChipsTech   ETH:0x082d7215fdfa70d969d7fb5e783f8fe86a463330  Which has dropped 100%  Contract 0x1dB0B minted tokens and dump them for $77.5K which has already been deposited to @TornadoCash  https://t.co/6p6FsUi7aU https://t.co/Q4A5tdUvbI,0x082D7215fdfa70D969D7Fb5E783F8fE86A463330
09/20/2023,Address,0x533db465afbeea29fd6f2d6acadb2e2d0cee7e46,@SlowMist_Team,https://twitter.com/SlowMist_Team/status/1704345389560902019,1,,"7/ After @MistTrack_io analysis, the malicious addresses are as follows: 0x00006DEAcd9ad19dB3d81F8410EA2B45eA570000 0x645710Af050E26bB96e295bdfB75B4a878088d7E 0x0000626d6DC72989e3809920C67D01a7fe030000  https://t.co/2YLaMU4JCc",0x0000626d6DC72989e3809920C67D01a7fe030000
09/19/2023,Address,0x140839dadd906eff2d0d453d2a2fbd51bfd661ca,@CertiKAlert,https://twitter.com/CertiKAlert/status/1704224600513462438,56,,#CertiKSkynetAlert 🚨   We are seeing a slippage on Baka Casino (BAKAC)    BSC:0x0e9c0f8fcc8e60f8daeb569448a41514eb321471    Which has dropped 80%    Drop caused by EOA 0x9e5C8 who dumped tokens for ~$57k  Stay vigilant! https://t.co/oiakU3slgx,0x0e9C0f8fcC8e60f8DAeb569448a41514EB321471
09/21/2023,Address,0xc1727c083ea796addefcf594ce9114160a49f3aa,@CertiKAlert,https://twitter.com/CertiKAlert/status/1704821382738333849,56,,#CertiKSkynetAlert 🚨  We have seen a slippage on WGPT token  Bsc: 0x1f415255f7E2a8546559a553E962dE7BC60d7942  Which has dropped ~99%  Drop caused by EOA 0xf1B withdrawing tokens and swapping for USDT  https://t.co/hlOcoZPlEH,0x1f415255f7E2a8546559a553E962dE7BC60d7942
09/21/2023,Address,0xce389248dc841acf33a938cc620cfee712578d9d,@CertiKAlert,https://twitter.com/CertiKAlert/status/1704708204075069625,56,,#CertiKSkynetAlert 🚨  We have detected a large liquidity removal on BNBpay (BNBpay)  BSC: 0xaDD62696db2c2fb7DE8e0f07F422e03BF69646A2  Deployer profited ~$114k from this liquidity removal.  Not to be confused with legitimate projects. https://t.co/ff58zDkg2D,0xaDD62696db2c2fb7DE8e0f07F422e03BF69646A2
09/21/2023,Address,0x050c731ad9072d18d792d477c788b163e9c379bd,@CertiKAlert,https://twitter.com/CertiKAlert/status/1704657734564470886,1,,#CertiKSkynetAlert 🚨  We have detected a large liquidity removal on @yzercoineth (YZER)  ETH: 0xCBb391907A492a1e721bB16ae0563243E2B71987  Deployer 0x050c has profited ~$28.6k   Stay vigilant! https://t.co/uYD2MOssUZ,0xCBb391907A492a1e721bB16ae0563243E2B71987
09/20/2023,Address,0x231bbb0c1fde419098fa8596bf295f932019a1e9,@CertiKAlert,https://twitter.com/CertiKAlert/status/1704572184100733258,1,,#CertiKSkynetAlert 🚨   We are seeing a 70% slippage on @PepePurpleETH (PEPEP)    ETH: 0xD33830FcC5E434dBb4efF9D5348d74Ee2cbd505F   Drop caused by EOA 0x4af2 who dumped tokens for ~$45k. 0x4af2 received its token supply from the deployer.  Stay vigilant! https://t.co/uG8tH64wyP,0xD33830FcC5E434dBb4efF9D5348d74Ee2cbd505F
09/21/2023,Address,0x000000048797808be86aa9786c1f402671192d6b,@DeDotFiSecurity,https://twitter.com/DeDotFiSecurity/status/1704965671480602890,1,,"3/ First, let's head over to @DeDotFi and find a project to analyze  In this case, We'll go with $BANANA since it's recently dumped.  0x94e496474f1725f1c1824cb5bdb92d7691a4f03a",0x94e496474F1725f1c1824cB5BDb92d7691A4F03a
09/24/2023,Address,0x45403865094e158a16fa8cc02f61ca35b90506a2,@CertiKAlert,https://twitter.com/CertiKAlert/status/1706015825419776285,56,,#CertiKSkynetAlert 🚨   We are seeing an exit scam on a fake Justus Token associated with fake X @Justusztoken.   BSC: 0xae7607dE0F0665220E77b76E18d94965076e684c  Deployer dumped 302 WBNB for a profit of ~$59k.  Not to be confused with legitimate projects. https://t.co/CXTJGQc6KY,0xae7607dE0F0665220E77b76E18d94965076e684c
09/24/2023,Address,0x6ea4d25473e4eea3c7a6f482966daebed8338861,@CertiKAlert,https://twitter.com/CertiKAlert/status/1705966214319612092,56,,#CertiKSkynetAlert 🚨  We are seeing a flash loan exploit on Kub/Kub-split  Contract: bsc 0xc98E183D2e975F0567115CB13AF893F0E3c0d0bD  An attacker gained $78.4k via pool manipulation using a fake USDC token  https://t.co/EXh7mN95RP,0xc98E183D2e975F0567115CB13AF893F0E3c0d0bD
09/23/2023,Address,0x392e5bf0e2d96c8af28203944388b5d161860be0,@CertiKAlert,https://twitter.com/CertiKAlert/status/1705604132076204413,1,,#CertiKSkynetAlert 🚨   We have seen a price slippage on @acatnation (CAT)  ETH:0xC9C1776802216e074eF7A19555cE70bB473B25c0  Which dropped 94%  It appears that the deployer has removed ~18.7 WETH ($29.7k) from the LP. https://t.co/05mOm1gXTo  Stay vigilant!,0xC9C1776802216e074eF7A19555cE70bB473B25c0
09/23/2023,Address,0x6f238e6893c24fe505a9304c1c26a9ff2f1d261e,@CertiKAlert,https://twitter.com/CertiKAlert/status/1705593154152386641,56,,#CertiKSkynetAlert 🚨  We have detected a large liquidity removal on DUO (DUO)  BSC:0x1ED990bdcAEf4B13b01F4996dDe59EcD04F1343A    The Deployer removed $352.9K WBNB of LP in 3 transactions over a 4 day period.  Not to be confused with legitimate projects. https://t.co/XyGV2H0zHB,0x1ED990bdcAEf4B13b01F4996dDe59EcD04F1343A
09/22/2023,Address,0x5603942dd62b1293f972a08552f8fee44fed0c6d,@CertiKAlert,https://twitter.com/CertiKAlert/status/1705242210747228287,56,,#CertiKSkynetAlert 🚨   We have detected a large liquidity removal on Unleashed Beast (BEAST)  BSC:0x626b596dd10467ea969179235123f884e133074a  Deployer removed ~$55.3k from the LP.  Stay vigilant! https://t.co/5tz6r3sI2d,0x626b596dd10467EA969179235123F884e133074a
09/26/2023,Address,0x03e33bab8414bdb433e883785f91ede95f0f4dfe,@CertiKAlert,https://twitter.com/CertiKAlert/status/1706765042916450781,56,,"#CertiKSkynetAlert🚨  We have detected a malicious flash loan on the ""XSDWETHpool"".  BSC: 0xbfBcB8BDE20cc6886877DD551b337833F3e0d96d  Approximately 56 BNB (~$11.9k) was lost. The stolen funds currently reside in the attacker's wallet. https://t.co/BULdArIZ38",0xbfBcB8BDE20cc6886877DD551b337833F3e0d96d
09/28/2023,Address,0x3cf931d6a09cb2d9745307e3276de51b886f5c2a,@CertiKAlert,https://twitter.com/CertiKAlert/status/1707237758236787171,1,,@modenetwork Do not interact with the following announcement   The site connects to a contract on ethereum: 0x000030349d16949049Ec052b33eAff30a1730000 https://t.co/skjtdt0Lp6,0x000030349d16949049Ec052b33eAff30a1730000
09/27/2023,Address,0xbe66204c98343d353778270d11c3f58e0537ab70,@CertiKAlert,https://twitter.com/CertiKAlert/status/1707149616393724102,1,,#CertiKSkynetAlert 🚨  Beware of a fake $tip airdrop being promoted on X.   Do not interact with hxxps://thetipxcoin.com/  Site links to EOA 0x0000CE41BcEefFEA68e38018851a6B0F16D20000.  Stay vigilant!   https://t.co/lOmdHLaWys,0x0000CE41BcEefFEA68e38018851a6B0F16D20000
09/27/2023,Address,0x84a299b025ae1a95296b4596f96b7b37fb92e7da,@CertiKAlert,https://twitter.com/CertiKAlert/status/1706950456012882099,1,,#CertiKSkynetAlert  🚨  A reminder to be aware of front running bot scams posted on X  Do not interact with hxxps://uni-arbitrage.com/0x9ea3cda5c2adf0370454b9ee28786a068227b1a4.  These posts promise easy returns but in reality will steal your funds. https://t.co/y9o1Yayolp,0x9EA3cda5c2Adf0370454b9Ee28786a068227b1a4
10/11/2023,Address,0xabe6bc5ca4ae76251f0cb647f9817e3566ec3d0b,@CertiKAlert,https://twitter.com/CertiKAlert/status/1712077070363218024,56,,#CertiKSkynetAlert 🚨  We have seen a slippage on @cstcryptostreet (CST)  Bsc: 0x0a92285241b0ea93Eff4195Db4530AF1a4bcfE0c  Which has dropped ~99%  Drop is due to the deployer selling tokens  https://t.co/xbNm41Ohnb,0x0a92285241b0ea93Eff4195Db4530AF1a4bcfE0c
10/11/2023,Address,0x281b8cb2ae64cd14501fc7bcd2545be2836b173d,@BeosinAlert,https://twitter.com/BeosinAlert/status/1711930957107007642,56,,"$FSL on BNB Chain rugged, the deployer profited ~$1.68M.  Contract: 0x8923881e8cAe6684C2bB84D69aE88A9bbbEC8d5a  The deployer  0x281b8cb2AE64cd14501fc7Bcd2545be2836B173D minted 100M $FSL at the creation of the contract.   The 0x281b address has then sent 97M $FSL to… https://t.co/UyfYg6Oyu1 https://t.co/wv0AGsoBeQ",0x8923881e8cAe6684C2bB84D69aE88A9bbbEC8d5a
10/10/2023,Address,0xa51ea8e037e0a1a391a39bc8b5ce1ec6533780df,@CertiKAlert,https://twitter.com/CertiKAlert/status/1711778499273359683,56,,"#CertiKSkynetAlert 🚨  We have detected an exit scam on a fake Bitcoin BSC Token.  BSC: 0x48747d325d139b1F9cD29d9381Fb73228B9AFfec  The deployer has profited ~$36,200.  Not to be confused with legitimate projects. https://t.co/5fIQOfX7W1",0x48747d325d139b1F9cD29d9381Fb73228B9AFfec
10/09/2023,Address,0x0038ae2d295330413b5c7a893948ae1994757970,@CertiKAlert,https://twitter.com/CertiKAlert/status/1711347422138405229,56,,#CertiKSkynetAlert 🚨  EOA 0xE8b received ~$20k from Gate. io and immediately lost it to the Atlantis Loans Exploiter  Victim approved contract 0xfEAd9619e88464e5aD1Ea9Df458dcc147F03ea0C leading to the loss  https://t.co/Qwniv26acS,0xfEAd9619e88464e5aD1Ea9Df458dcc147F03ea0C
10/09/2023,Address,0xdf9e12f4cd92e2ea622586e7475565e5ccf129fb,@CertiKAlert,https://twitter.com/CertiKAlert/status/1711297215254159490,56,,#CertiKSkynetAlert 🚨  We can confirm an exit scam on @AstrAstrol75591 LSC token   Bsc: 0x2b3559c3DBdB294cbb71f2B30a693F4C6be6132d  EOA 0x9Ef withdrew LSC tokens from the AwardCenter contract. Tokens were then sold for $1.1m  https://t.co/sy7vFfqhf5,0x2b3559c3DBdB294cbb71f2B30a693F4C6be6132d
